,label
GSM363205,1
GSM363115,1
GSM362970,1
GSM363354,1
GSM363039,1
GSM363209,1
GSM363344,1
GSM363271,1
GSM363404,1
GSM363217,1
GSM363053,1
GSM363295,1
GSM363272,1
GSM363164,1
GSM362965,1
GSM363126,1
GSM363082,1
GSM363176,1
GSM363099,1
GSM363316,1
GSM363178,1
GSM363343,1
GSM363033,1
GSM363055,1
GSM363100,1
GSM363249,1
GSM362952,1
GSM363130,1
GSM363149,1
GSM363337,1
GSM363031,1
GSM363166,1
GSM363049,1
GSM363032,1
GSM363072,1
GSM363289,1
GSM363296,1
GSM363235,1
GSM362958,1
GSM363366,1
GSM363311,1
GSM363071,1
GSM363329,1
GSM363200,1
GSM362984,1
GSM363037,1
GSM363362,1
GSM363357,1
GSM363080,1
GSM363125,1
GSM363106,1
GSM362988,1
GSM363107,1
GSM363355,1
GSM363087,1
GSM363268,1
GSM363015,1
GSM363014,1
GSM363364,1
GSM363034,1
GSM363078,1
GSM363202,1
GSM363332,1
GSM363313,1
GSM363017,1
GSM363294,1
GSM363330,1
GSM363360,1
GSM363008,1
GSM363143,1
GSM363127,1
GSM363102,1
GSM363151,1
GSM363124,1
GSM712542,1
GSM363335,1
GSM363350,1
GSM363386,1
GSM363207,1
GSM362986,1
GSM362972,1
GSM363186,1
GSM363288,1
GSM363016,1
GSM363341,1
GSM363243,1
GSM363168,1
GSM363051,1
GSM363098,1
GSM363314,1
GSM363170,1
GSM363029,1
GSM362950,1
GSM363298,1
GSM363265,1
GSM363038,1
GSM363309,1
GSM363104,1
GSM363393,1
GSM363011,1
GSM363180,1
GSM363048,1
GSM363077,1
GSM363144,1
GSM363336,1
GSM363073,1
GSM362977,1
GSM363012,1
GSM363328,1
GSM363215,1
GSM363400,1
GSM363358,1
GSM363391,1
GSM363333,1
GSM363083,1
GSM363218,1
GSM363086,1
GSM363267,1
GSM362994,1
GSM363224,1
GSM363269,1
GSM363182,1
GSM363109,1
GSM363054,1
GSM363075,1
GSM363129,1
GSM363101,1
GSM363378,1
GSM363232,1
GSM362993,1
GSM363150,1
GSM363142,1
GSM363013,1
GSM363331,1
GSM363128,1
GSM363315,1
GSM363384,1
GSM363147,1
GSM362947,1
GSM363081,1
GSM363052,1
GSM362966,1
GSM363169,1
GSM363085,1
GSM363388,1
GSM363196,1
GSM362948,1
GSM363266,1
GSM363326,1
GSM363230,1
GSM363237,1
GSM363204,1
GSM362992,1
GSM363264,1
GSM363312,1
GSM363123,1
GSM363245,1
GSM363192,1
GSM363291,1
GSM363273,1
GSM363148,1
GSM363263,1
GSM362978,1
GSM363056,1
GSM363310,1
GSM363275,1
GSM363352,1
GSM363293,1
GSM363292,1
GSM363211,1
GSM362954,1
GSM363339,1
GSM363270,1
GSM363371,1
GSM363009,1
GSM362982,1
GSM363188,1
GSM363251,1
GSM363057,1
GSM363030,1
GSM363274,1
GSM363146,1
GSM362983,1
GSM363222,1
GSM363074,1
GSM363290,1
GSM362987,1
GSM363035,1
GSM363036,1
GSM363079,1
GSM363317,1
GSM363172,1
GSM363084,1
GSM363239,1
GSM363121,1
GSM363108,1
GSM363152,1
GSM363105,1
GSM363327,1
GSM363194,1
GSM363346,1
GSM363174,1
GSM362976,1
GSM363190,1
GSM363069,1
GSM363247,1
GSM363076,1
GSM363376,1
GSM362959,1
GSM363226,1
GSM363010,1
GSM363220,1
GSM362964,1
GSM362956,1
GSM363348,1
GSM363213,1
GSM363198,1
GSM363184,1
GSM362960,1
GSM363145,1
GSM363050,1
GSM363241,1
GSM363122,1
GSM362971,1
GSM363228,1
GSM363334,1
GSM363434,1
GSM712532,1
GSM712534,1
GSM712536,0
GSM362985,0
GSM712537,0
GSM362990,0
GSM363155,0
GSM363138,0
GSM363221,0
GSM363307,0
GSM363381,0
GSM363088,0
GSM363262,0
GSM363006,0
GSM363119,0
GSM363210,0
GSM363286,0
GSM363025,0
GSM363000,0
GSM363300,0
GSM712538,0
GSM363303,0
GSM363257,0
GSM363261,0
GSM363258,0
GSM363111,0
GSM363181,0
GSM363027,0
GSM363287,0
GSM363246,0
GSM362951,0
GSM363096,0
GSM363199,0
GSM363005,0
GSM363197,0
GSM363201,0
GSM363120,0
GSM363045,0
GSM363165,0
GSM363306,0
GSM363157,0
GSM363259,0
GSM363319,0
GSM363281,0
GSM363324,0
GSM363133,0
GSM363159,0
GSM363007,0
GSM363282,0
GSM363242,0
GSM363063,0
GSM363301,0
GSM363061,0
GSM362955,0
GSM363091,0
GSM363231,0
GSM363359,0
GSM363065,0
GSM363134,0
GSM363167,0
GSM362957,0
GSM363141,0
GSM362961,0
GSM362967,0
GSM363216,0
GSM362973,0
GSM363024,0
GSM363175,0
GSM363162,0
GSM362979,0
GSM362962,0
GSM363370,0
GSM363114,0
GSM362968,0
GSM362974,0
GSM363372,0
GSM362980,0
GSM363279,0
GSM362963,0
GSM362969,0
GSM362975,0
GSM363373,0
GSM362981,0
GSM363338,0
GSM363340,0
GSM363219,0
GSM363342,0
GSM363323,0
GSM363277,0
GSM363090,0
GSM363185,0
GSM363021,0
GSM363302,0
GSM362998,0
GSM362989,0
GSM362995,0
GSM362996,0
GSM712539,0
GSM363212,0
GSM362999,0
GSM363131,0
GSM363040,0
GSM363137,0
GSM362991,0
GSM362997,0
GSM363345,0
GSM363347,0
GSM363349,0
GSM363374,0
GSM363351,0
GSM363177,0
GSM363068,0
GSM363240,0
GSM363325,0
GSM363139,0
GSM363305,0
GSM363095,0
GSM363375,0
GSM363163,0
GSM363060,0
GSM363004,0
GSM363020,0
GSM363160,0
GSM363304,0
GSM363058,0
GSM363043,0
GSM363135,0
GSM363238,0
GSM363380,0
GSM363173,0
GSM363112,0
GSM363321,0
GSM363382,0
GSM363256,0
GSM712540,0
GSM363097,0
GSM363227,0
GSM363117,0
GSM363156,0
GSM363253,0
GSM363203,0
GSM363026,0
GSM363191,0
GSM363136,0
GSM363002,0
GSM712541,0
GSM363250,0
GSM363003,0
GSM363187,0
GSM363019,0
GSM363018,0
GSM363089,0
GSM363116,0
GSM363285,0
GSM363206,0
GSM363225,0
GSM363233,0
GSM363353,0
GSM363252,0
GSM363214,0
GSM363179,0
GSM363234,0
GSM363132,0
GSM363189,0
GSM363229,0
GSM363041,0
GSM363236,0
GSM363322,0
GSM363062,0
GSM363093,0
GSM363064,0
GSM363001,0
GSM363110,0
GSM363208,0
GSM363397,0
GSM363223,0
GSM363284,0
GSM363299,0
GSM363140,0
GSM363044,0
GSM363280,0
GSM363066,0
GSM363356,0
GSM363092,0
GSM363244,0
GSM363059,0
GSM363023,0
GSM363254,0
GSM363402,0
GSM363320,0
GSM363113,0
GSM363318,0
GSM363407,0
GSM363118,0
GSM363153,0
GSM362953,0
GSM363417,0
GSM363308,0
GSM363195,0
GSM363067,0
GSM363361,0
GSM363171,0
GSM363094,0
GSM363255,0
GSM363278,0
GSM363283,0
GSM363363,0
GSM363248,0
GSM363047,0
GSM363365,0
GSM363042,0
GSM363028,0
GSM363276,0
GSM363183,0
GSM363154,0
GSM363103,0
GSM363161,0
GSM363046,0
GSM363193,0
GSM363260,0
GSM363022,0
GSM363367,0
GSM363369,0
GSM363158,0
GSM363421,0
GSM363423,0
GSM363425,0
GSM363427,0
GSM363429,0
GSM363431,0
GSM363433,0
GSM363435,0
GSM363437,0
GSM363439,0
GSM363441,0
GSM363443,0
GSM363445,0
GSM363447,0
GSM363449,0
GSM712533,0
GSM712535,0
